{
    "accuracy": {
        "mean": 0.7959833333333334,
        "std": 0.006861345025252353
    },
    "precision": {
        "mean": {
            "mean": 0.7978230469844335,
            "std": 0.006252486280596558
        },
        "airplane": {
            "mean": 0.8233464039766085,
            "std": 0.019047888318077345
        },
        "automobile": {
            "mean": 0.9152837929582467,
            "std": 0.02193930219082726
        },
        "bird": {
            "mean": 0.7269171801649729,
            "std": 0.02030461337920511
        },
        "cat": {
            "mean": 0.6317560225724447,
            "std": 0.019579401405595515
        },
        "deer": {
            "mean": 0.7503399445249873,
            "std": 0.022521474691996946
        },
        "dog": {
            "mean": 0.7080084414835018,
            "std": 0.03696603701009418
        },
        "frog": {
            "mean": 0.8165582156192821,
            "std": 0.011053659934588188
        },
        "horse": {
            "mean": 0.8588187076723591,
            "std": 0.023925241251329016
        },
        "ship": {
            "mean": 0.8721376855924547,
            "std": 0.033907821906349306
        },
        "truck": {
            "mean": 0.8750640752794764,
            "std": 0.02667252858196408
        }
    },
    "recall": {
        "mean": {
            "mean": 0.7960412130439981,
            "std": 0.0069421558519408314
        },
        "airplane": {
            "mean": 0.8047825607360709,
            "std": 0.030062582245826523
        },
        "automobile": {
            "mean": 0.8939856101320861,
            "std": 0.017848210890379853
        },
        "bird": {
            "mean": 0.7205823878827112,
            "std": 0.028812611317205774
        },
        "cat": {
            "mean": 0.6408500750246452,
            "std": 0.02590704075811594
        },
        "deer": {
            "mean": 0.7915131106510401,
            "std": 0.014809726673444932
        },
        "dog": {
            "mean": 0.6870138696241446,
            "std": 0.032867029147345704
        },
        "frog": {
            "mean": 0.8476360138621796,
            "std": 0.012635076039793138
        },
        "horse": {
            "mean": 0.8006914416195469,
            "std": 0.025074358630708758
        },
        "ship": {
            "mean": 0.9051651507253715,
            "std": 0.010320140518312641
        },
        "truck": {
            "mean": 0.8681919101821848,
            "std": 0.03262069644594197
        }
    },
    "fscore": {
        "mean": {
            "mean": 0.7978230469844335,
            "std": 0.006252486280596558
        },
        "airplane": {
            "mean": 0.8233464039766085,
            "std": 0.01904788831807731
        },
        "automobile": {
            "mean": 0.9152837929582467,
            "std": 0.02193930219082726
        },
        "bird": {
            "mean": 0.7269171801649729,
            "std": 0.02030461337920511
        },
        "cat": {
            "mean": 0.6317560225724447,
            "std": 0.019579401405595515
        },
        "deer": {
            "mean": 0.7503399445249871,
            "std": 0.02252147469199696
        },
        "dog": {
            "mean": 0.7080084414835018,
            "std": 0.03696603701009418
        },
        "frog": {
            "mean": 0.8165582156192821,
            "std": 0.011053659934588188
        },
        "horse": {
            "mean": 0.8588187076723591,
            "std": 0.023925241251329016
        },
        "ship": {
            "mean": 0.8721376855924547,
            "std": 0.033907821906349306
        },
        "truck": {
            "mean": 0.8750640752794764,
            "std": 0.02667252858196408
        }
    },
    "AUC": {
        "mean": {
            "mean": 0.9593706927161523,
            "std": 0.0007635735622301573
        },
        "airplane": {
            "mean": 0.9633670534136423,
            "std": 0.0028873842057413534
        },
        "automobile": {
            "mean": 0.9727706725490401,
            "std": 0.0027846159354278405
        },
        "bird": {
            "mean": 0.9498923236665311,
            "std": 0.004349168592887498
        },
        "cat": {
            "mean": 0.9422086592001925,
            "std": 0.0040441559369690065
        },
        "deer": {
            "mean": 0.9520593686303421,
            "std": 0.003982349156543918
        },
        "dog": {
            "mean": 0.9501467885294268,
            "std": 0.0056093339790265605
        },
        "frog": {
            "mean": 0.9613168004527878,
            "std": 0.0015585538065608364
        },
        "horse": {
            "mean": 0.9665808772078677,
            "std": 0.0033697166247226265
        },
        "ship": {
            "mean": 0.9674290613702868,
            "std": 0.004580583330487962
        },
        "truck": {
            "mean": 0.9679353221414065,
            "std": 0.0035447653941354314
        }
    }
}