{
    "accuracy": {
        "mean": 0.4878166666666666,
        "std": 0.05414226373381726
    },
    "precision": {
        "mean": {
            "mean": 0.4391783056778756,
            "std": 0.10319730378498056
        },
        "airplane": {
            "mean": 0.5053218425233846,
            "std": 0.10004963708289617
        },
        "automobile": {
            "mean": 0.5012785055670627,
            "std": 0.2280112708577364
        },
        "bird": {
            "mean": 0.41269703579013983,
            "std": 0.0363905923407489
        },
        "cat": {
            "mean": 0.35966530715564166,
            "std": 0.04728475212448919
        },
        "deer": {
            "mean": 0.358933199188283,
            "std": 0.16582354139904285
        },
        "dog": {
            "mean": 0.29189638005194046,
            "std": 0.2065207435363676
        },
        "frog": {
            "mean": 0.422433715700727,
            "std": 0.19144054605655514
        },
        "horse": {
            "mean": 0.561382040489,
            "std": 0.04053411539372111
        },
        "ship": {
            "mean": 0.5191071004822772,
            "std": 0.23368670116409948
        },
        "truck": {
            "mean": 0.4590679298302995,
            "std": 0.21592833621969584
        }
    },
    "recall": {
        "mean": {
            "mean": 0.48770773332705475,
            "std": 0.054404230176330205
        },
        "airplane": {
            "mean": 0.6120591281783873,
            "std": 0.03592750859706943
        },
        "automobile": {
            "mean": 0.5707400572836837,
            "std": 0.2563373110176906
        },
        "bird": {
            "mean": 0.393260047610505,
            "std": 0.038419356535445925
        },
        "cat": {
            "mean": 0.4107872780318933,
            "std": 0.08812916823440638
        },
        "deer": {
            "mean": 0.4036835255483961,
            "std": 0.18147984594233077
        },
        "dog": {
            "mean": 0.2596938883095667,
            "std": 0.18750944722728127
        },
        "frog": {
            "mean": 0.5195075391373504,
            "std": 0.23314054689242877
        },
        "horse": {
            "mean": 0.616938415882243,
            "std": 0.03385608528689343
        },
        "ship": {
            "mean": 0.5720554225446763,
            "std": 0.25612389190767404
        },
        "truck": {
            "mean": 0.5183520307438464,
            "std": 0.24224723928941772
        }
    },
    "fscore": {
        "mean": {
            "mean": 0.4391783056778756,
            "std": 0.10319730378498056
        },
        "airplane": {
            "mean": 0.5053218425233846,
            "std": 0.10004963708289617
        },
        "automobile": {
            "mean": 0.5012785055670627,
            "std": 0.2280112708577364
        },
        "bird": {
            "mean": 0.41269703579013983,
            "std": 0.036390592340748894
        },
        "cat": {
            "mean": 0.35966530715564166,
            "std": 0.047284752124489196
        },
        "deer": {
            "mean": 0.358933199188283,
            "std": 0.16582354139904287
        },
        "dog": {
            "mean": 0.29189638005194046,
            "std": 0.2065207435363676
        },
        "frog": {
            "mean": 0.422433715700727,
            "std": 0.19144054605655514
        },
        "horse": {
            "mean": 0.561382040489,
            "std": 0.04053411539372111
        },
        "ship": {
            "mean": 0.5191071004822772,
            "std": 0.23368670116409948
        },
        "truck": {
            "mean": 0.4590679298302995,
            "std": 0.21592833621969584
        }
    },
    "AUC": {
        "mean": {
            "mean": 0.9195861533569408,
            "std": 0.005396972073419524
        },
        "airplane": {
            "mean": 0.9171413625574886,
            "std": 0.011349175858005506
        },
        "automobile": {
            "mean": 0.9288186246515412,
            "std": 0.011890032848394955
        },
        "bird": {
            "mean": 0.9071971682152831,
            "std": 0.011653800482286777
        },
        "cat": {
            "mean": 0.9052896267919669,
            "std": 0.007079890084048906
        },
        "deer": {
            "mean": 0.9137515016046774,
            "std": 0.026833475405315162
        },
        "dog": {
            "mean": 0.9219720496053393,
            "std": 0.014729385117084246
        },
        "frog": {
            "mean": 0.9224155196470738,
            "std": 0.013129809193669422
        },
        "horse": {
            "mean": 0.9222393438908202,
            "std": 0.01532548709730538
        },
        "ship": {
            "mean": 0.9299725778094721,
            "std": 0.012510329834181374
        },
        "truck": {
            "mean": 0.9270637587957479,
            "std": 0.015635574922020834
        }
    }
}