time(ms),threads,vertices,edges
0.04143,1,3,3
0.42699,2,3,3
0.2917,4,3,3
0.28009,8,3,3
0.26819,16,3,3
203.6333,1,20,80
185.74754,2,20,80
181.29456,4,20,80
180.08445,8,20,80
181.4741,16,20,80
0.3787,1,5,12
0.57237,2,5,12
0.46907,4,5,12
0.67873,8,5,12
0.43806,16,5,12
