{
    "accuracy": {
        "mean": 0.7959833333333334,
        "std": 0.006861345025252353,
        "alpha": 0.005490219458610329
    },
    "precision": {
        "mean": {
            "mean": 0.7978230469844335,
            "std": 0.006252486280596558,
            "alpha": 0.005003030996996513
        },
        "airplane": {
            "mean": 0.8233464039766085,
            "std": 0.019047888318077345,
            "alpha": 0.01524148497189126
        },
        "automobile": {
            "mean": 0.9152837929582467,
            "std": 0.02193930219082726,
            "alpha": 0.01755509792221562
        },
        "bird": {
            "mean": 0.7269171801649729,
            "std": 0.02030461337920511,
            "alpha": 0.01624707445315673
        },
        "cat": {
            "mean": 0.6317560225724447,
            "std": 0.019579401405595515,
            "alpha": 0.015666784018194647
        },
        "deer": {
            "mean": 0.7503399445249873,
            "std": 0.022521474691996946,
            "alpha": 0.018020932941796502
        },
        "dog": {
            "mean": 0.7080084414835018,
            "std": 0.03696603701009418,
            "alpha": 0.029578989972605885
        },
        "frog": {
            "mean": 0.8165582156192821,
            "std": 0.011053659934588188,
            "alpha": 0.008844770032462469
        },
        "horse": {
            "mean": 0.8588187076723591,
            "std": 0.023925241251329016,
            "alpha": 0.01914418012598951
        },
        "ship": {
            "mean": 0.8721376855924547,
            "std": 0.033907821906349306,
            "alpha": 0.02713190824017565
        },
        "truck": {
            "mean": 0.8750640752794764,
            "std": 0.02667252858196408,
            "alpha": 0.021342467824033307
        }
    },
    "recall": {
        "mean": {
            "mean": 0.7960412130439981,
            "std": 0.0069421558519408314,
            "alpha": 0.005554881587029553
        },
        "airplane": {
            "mean": 0.8047825607360709,
            "std": 0.030062582245826523,
            "alpha": 0.0240550757052244
        },
        "automobile": {
            "mean": 0.8939856101320861,
            "std": 0.017848210890379853,
            "alpha": 0.014281543104318714
        },
        "bird": {
            "mean": 0.7205823878827112,
            "std": 0.028812611317205774,
            "alpha": 0.02305489065553606
        },
        "cat": {
            "mean": 0.6408500750246452,
            "std": 0.02590704075811594,
            "alpha": 0.020729949996937773
        },
        "deer": {
            "mean": 0.7915131106510401,
            "std": 0.014809726673444932,
            "alpha": 0.011850249369475095
        },
        "dog": {
            "mean": 0.6870138696241446,
            "std": 0.032867029147345704,
            "alpha": 0.02629910058557849
        },
        "frog": {
            "mean": 0.8476360138621796,
            "std": 0.012635076039793138,
            "alpha": 0.010110166458527872
        },
        "horse": {
            "mean": 0.8006914416195469,
            "std": 0.025074358630708758,
            "alpha": 0.020063665529110736
        },
        "ship": {
            "mean": 0.9051651507253715,
            "std": 0.010320140518312641,
            "alpha": 0.008257832258938044
        },
        "truck": {
            "mean": 0.8681919101821848,
            "std": 0.03262069644594197,
            "alpha": 0.026101993373280983
        }
    },
    "fscore": {
        "mean": {
            "mean": 0.7978230469844335,
            "std": 0.006252486280596558,
            "alpha": 0.005003030996996513
        },
        "airplane": {
            "mean": 0.8233464039766085,
            "std": 0.01904788831807731,
            "alpha": 0.015241484971891234
        },
        "automobile": {
            "mean": 0.9152837929582467,
            "std": 0.02193930219082726,
            "alpha": 0.01755509792221562
        },
        "bird": {
            "mean": 0.7269171801649729,
            "std": 0.02030461337920511,
            "alpha": 0.01624707445315673
        },
        "cat": {
            "mean": 0.6317560225724447,
            "std": 0.019579401405595515,
            "alpha": 0.015666784018194647
        },
        "deer": {
            "mean": 0.7503399445249871,
            "std": 0.02252147469199696,
            "alpha": 0.018020932941796512
        },
        "dog": {
            "mean": 0.7080084414835018,
            "std": 0.03696603701009418,
            "alpha": 0.029578989972605885
        },
        "frog": {
            "mean": 0.8165582156192821,
            "std": 0.011053659934588188,
            "alpha": 0.008844770032462469
        },
        "horse": {
            "mean": 0.8588187076723591,
            "std": 0.023925241251329016,
            "alpha": 0.01914418012598951
        },
        "ship": {
            "mean": 0.8721376855924547,
            "std": 0.033907821906349306,
            "alpha": 0.02713190824017565
        },
        "truck": {
            "mean": 0.8750640752794764,
            "std": 0.02667252858196408,
            "alpha": 0.021342467824033307
        }
    },
    "AUC": {
        "mean": {
            "mean": 0.9593706927161523,
            "std": 0.0007635735622301573,
            "alpha": 0.0006109860987907732
        },
        "airplane": {
            "mean": 0.9633670534136423,
            "std": 0.0028873842057413534,
            "alpha": 0.002310388545176282
        },
        "automobile": {
            "mean": 0.9727706725490401,
            "std": 0.0027846159354278405,
            "alpha": 0.0022281568026642196
        },
        "bird": {
            "mean": 0.9498923236665311,
            "std": 0.004349168592887498,
            "alpha": 0.003480059660251474
        },
        "cat": {
            "mean": 0.9422086592001925,
            "std": 0.0040441559369690065,
            "alpha": 0.0032359987053682837
        },
        "deer": {
            "mean": 0.9520593686303421,
            "std": 0.003982349156543918,
            "alpha": 0.0031865429809709526
        },
        "dog": {
            "mean": 0.9501467885294268,
            "std": 0.0056093339790265605,
            "alpha": 0.004488401974853766
        },
        "frog": {
            "mean": 0.9613168004527878,
            "std": 0.0015585538065608364,
            "alpha": 0.0012471027771638393
        },
        "horse": {
            "mean": 0.9665808772078677,
            "std": 0.0033697166247226265,
            "alpha": 0.002696334860725715
        },
        "ship": {
            "mean": 0.9674290613702868,
            "std": 0.004580583330487962,
            "alpha": 0.0036652300154379975
        },
        "truck": {
            "mean": 0.9679353221414065,
            "std": 0.0035447653941354314,
            "alpha": 0.0028364030480124533
        }
    }
}