{
    "accuracy": [
        0.7912,
        0.785,
        0.7939,
        0.7984,
        0.8015,
        0.8059
    ],
    "precision": {
        "mean": [
            0.7924706697351278,
            0.7891024715259857,
            0.7939287887658629,
            0.8033035143436884,
            0.8022354384860844,
            0.8058973990498514
        ],
        "airplane": [
            0.8202368137782562,
            0.8228388473852721,
            0.7850378787878788,
            0.8456591639871383,
            0.8353057199211046,
            0.831
        ],
        "automobile": [
            0.9288061336254108,
            0.8983739837398373,
            0.8809523809523809,
            0.9427942794279428,
            0.9056974459724951,
            0.9350785340314136
        ],
        "bird": [
            0.7156133828996283,
            0.7077067669172933,
            0.7404580152671756,
            0.7523809523809524,
            0.6991236611489776,
            0.7462203023758099
        ],
        "cat": [
            0.6321499013806706,
            0.617737003058104,
            0.6479017400204709,
            0.5961199294532628,
            0.6448140900195695,
            0.6518134715025907
        ],
        "deer": [
            0.7688492063492064,
            0.7518867924528302,
            0.7163247100802854,
            0.7241071428571428,
            0.7752016129032258,
            0.7656702025072324
        ],
        "dog": [
            0.6990185387131952,
            0.643510054844607,
            0.7092651757188498,
            0.7699421965317919,
            0.718974358974359,
            0.7073403241182078
        ],
        "frog": [
            0.8223938223938224,
            0.8211856171039844,
            0.8298086606243706,
            0.8013059701492538,
            0.8015194681861348,
            0.8231357552581262
        ],
        "horse": [
            0.8486096807415036,
            0.8902857142857142,
            0.8275520317145689,
            0.8898978433598184,
            0.8576271186440678,
            0.8389398572884812
        ],
        "ship": [
            0.8164502164502164,
            0.8362790697674418,
            0.8908523908523909,
            0.8813559322033898,
            0.9090909090909091,
            0.8987975951903807
        ],
        "truck": [
            0.872579001019368,
            0.9012208657047724,
            0.911134903640257,
            0.8294717330861909,
            0.875,
            0.8609779482262704
        ]
    },
    "recall": {
        "mean": [
            0.7908689300041087,
            0.7850400223430161,
            0.7938093484440815,
            0.7991560871589731,
            0.8014728903138092,
            0.8059
        ],
        "airplane": [
            0.7582089552238805,
            0.7835365853658537,
            0.8340040241448692,
            0.7866400797607178,
            0.8353057199211046,
            0.831
        ],
        "automobile": [
            0.8706365503080082,
            0.8778550148957299,
            0.9232245681381958,
            0.8899273104880582,
            0.9092702169625246,
            0.893
        ],
        "bird": [
            0.7461240310077519,
            0.7455445544554455,
            0.7036269430051814,
            0.6829971181556196,
            0.7542016806722689,
            0.691
        ],
        "cat": [
            0.6309055118110236,
            0.6090452261306533,
            0.6349047141424273,
            0.6926229508196722,
            0.6486220472440944,
            0.629
        ],
        "deer": [
            0.7757757757757757,
            0.7891089108910891,
            0.8111111111111111,
            0.8077689243027888,
            0.7713139418254764,
            0.794
        ],
        "dog": [
            0.6840981856990395,
            0.7125506072874493,
            0.6472303206997084,
            0.6523016650342801,
            0.6839024390243903,
            0.742
        ],
        "frog": [
            0.8271844660194175,
            0.8382936507936508,
            0.8425357873210634,
            0.8555776892430279,
            0.8612244897959184,
            0.861
        ],
        "horse": [
            0.8231768231768232,
            0.7592592592592593,
            0.8226600985221675,
            0.799184505606524,
            0.7768679631525077,
            0.823
        ],
        "ship": [
            0.92,
            0.9108409321175278,
            0.8917793964620188,
            0.9140625,
            0.8973080757726819,
            0.897
        ],
        "truck": [
            0.872579001019368,
            0.8243654822335026,
            0.827016520894072,
            0.9104781281790437,
            0.8767123287671232,
            0.898
        ]
    },
    "fscore": {
        "mean": [
            0.7924706697351278,
            0.7891024715259857,
            0.7939287887658629,
            0.8033035143436884,
            0.8022354384860844,
            0.8058973990498514
        ],
        "airplane": [
            0.8202368137782562,
            0.8228388473852721,
            0.7850378787878789,
            0.8456591639871383,
            0.8353057199211046,
            0.831
        ],
        "automobile": [
            0.9288061336254108,
            0.8983739837398373,
            0.8809523809523809,
            0.9427942794279428,
            0.9056974459724951,
            0.9350785340314136
        ],
        "bird": [
            0.7156133828996283,
            0.7077067669172933,
            0.7404580152671756,
            0.7523809523809524,
            0.6991236611489776,
            0.7462203023758099
        ],
        "cat": [
            0.6321499013806706,
            0.617737003058104,
            0.6479017400204709,
            0.5961199294532628,
            0.6448140900195695,
            0.6518134715025907
        ],
        "deer": [
            0.7688492063492064,
            0.7518867924528302,
            0.7163247100802853,
            0.724107142857143,
            0.7752016129032259,
            0.7656702025072323
        ],
        "dog": [
            0.6990185387131952,
            0.643510054844607,
            0.7092651757188498,
            0.7699421965317919,
            0.718974358974359,
            0.7073403241182078
        ],
        "frog": [
            0.8223938223938224,
            0.8211856171039844,
            0.8298086606243706,
            0.8013059701492538,
            0.8015194681861348,
            0.8231357552581262
        ],
        "horse": [
            0.8486096807415036,
            0.8902857142857142,
            0.8275520317145689,
            0.8898978433598184,
            0.8576271186440678,
            0.8389398572884812
        ],
        "ship": [
            0.8164502164502164,
            0.8362790697674418,
            0.8908523908523909,
            0.8813559322033898,
            0.9090909090909091,
            0.8987975951903807
        ],
        "truck": [
            0.872579001019368,
            0.9012208657047724,
            0.911134903640257,
            0.8294717330861909,
            0.875,
            0.8609779482262704
        ]
    },
    "AUC": {
        "mean": [
            0.9587465354858458,
            0.9580517775598336,
            0.959391522947838,
            0.959727392118006,
            0.9602429840742793,
            0.960063944111111
        ],
        "airplane": [
            0.964886603668705,
            0.9634948979591837,
            0.9572707084166112,
            0.9664693786817828,
            0.9640418428666814,
            0.9640388888888889
        ],
        "automobile": [
            0.9751816973188568,
            0.9709501834760369,
            0.9682886805090423,
            0.9756971340046475,
            0.9712185622078788,
            0.9752877777777778
        ],