{
    "accuracy": {
        "mean": 0.4142666666666666,
        "std": 0.0039028479629909063,
        "alpha": 0.0031229287773095592
    },
    "precision": {
        "mean": {
            "mean": 0.40946120749782683,
            "std": 0.003707984900324839,
            "alpha": 0.0029670058533819293
        },
        "airplane": {
            "mean": 0.45841094650601494,
            "std": 0.011178732074484152,
            "alpha": 0.008944848587564948
        },
        "automobile": {
            "mean": 0.4638479440014609,
            "std": 0.012520443048782566,
            "alpha": 0.010018440962210655
        },
        "bird": {
            "mean": 0.32994609367404154,
            "std": 0.009718432543777859,
            "alpha": 0.007776365605091939
        },
        "cat": {
            "mean": 0.2864264496607049,
            "std": 0.010401644218946392,
            "alpha": 0.008323048801980449
        },
        "deer": {
            "mean": 0.3713160502217703,
            "std": 0.009879277719478594,
            "alpha": 0.00790506855038994
        },
        "dog": {
            "mean": 0.3435621909487543,
            "std": 0.011434097867246812,
            "alpha": 0.009149183778308027
        },
        "frog": {
            "mean": 0.4099085874461212,
            "std": 0.0041253982489519,
            "alpha": 0.003301006093929765
        },
        "horse": {
            "mean": 0.47058371528220305,
            "std": 0.01629816120814734,
            "alpha": 0.013041245043823977
        },
        "ship": {
            "mean": 0.5009819682981903,
            "std": 0.009035889593135348,
            "alpha": 0.007230217499266725
        },
        "truck": {
            "mean": 0.4596281289390074,
            "std": 0.015454808339985934,
            "alpha": 0.012366422205121986
        }
    },
    "recall": {
        "mean": {
            "mean": 0.4143076537575734,
            "std": 0.003787303765809747,
            "alpha": 0.003030474164203993
        },
        "airplane": {
            "mean": 0.48153974362053537,
            "std": 0.014709809758474059,
            "alpha": 0.011770299186413542
        },
        "automobile": {
            "mean": 0.5058506730000759,
            "std": 0.013605360431813065,
            "alpha": 0.010886555669367444
        },
        "bird": {
            "mean": 0.282673273151275,
            "std": 0.01063964752348737,
            "alpha": 0.008513491108699514
        },
        "cat": {
            "mean": 0.25600909743563144,
            "std": 0.012143621056789247,
            "alpha": 0.009716920571491353
        },
        "deer": {
            "mean": 0.3100520579827922,
            "std": 0.014582074797392664,
            "alpha": 0.011668089930605407
        },
        "dog": {
            "mean": 0.3326224853397228,
            "std": 0.012536680628147492,
            "alpha": 0.01003143373168398
        },
        "frog": {
            "mean": 0.4858721868166341,
            "std": 0.01748946718511115,
            "alpha": 0.013994488355713099
        },
        "horse": {
            "mean": 0.46141922612644876,
            "std": 0.013283490865636032,
            "alpha": 0.01062900637708497
        },
        "ship": {
            "mean": 0.5465639348955974,
            "std": 0.02326813553826708,
            "alpha": 0.018618386049326825
        },
        "truck": {
            "mean": 0.4804738592070208,
            "std": 0.01845644513694413,
            "alpha": 0.01476823186338714
        }
    },
    "fscore": {
        "mean": {
            "mean": 0.40946120749782683,
            "std": 0.003707984900324839,
            "alpha": 0.0029670058533819293
        },
        "airplane": {
            "mean": 0.45841094650601494,
            "std": 0.011178732074484152,
            "alpha": 0.008944848587564948
        },
        "automobile": {
            "mean": 0.4638479440014609,
            "std": 0.012520443048782564,
            "alpha": 0.010018440962210653
        },
        "bird": {
            "mean": 0.32994609367404154,
            "std": 0.009718432543777859,
            "alpha": 0.007776365605091939
        },
        "cat": {
            "mean": 0.2864264496607049,
            "std": 0.010401644218946392,
            "alpha": 0.008323048801980449
        },
        "deer": {
            "mean": 0.3713160502217703,
            "std": 0.009879277719478594,
            "alpha": 0.00790506855038994
        },
        "dog": {
            "mean": 0.3435621909487543,
            "std": 0.011434097867246812,
            "alpha": 0.009149183778308027
        },
        "frog": {
            "mean": 0.4099085874461212,
            "std": 0.0041253982489519,
            "alpha": 0.003301006093929765
        },
        "horse": {
            "mean": 0.47058371528220305,
            "std": 0.01629816120814734,
            "alpha": 0.013041245043823977
        },
        "ship": {
            "mean": 0.5009819682981903,
            "std": 0.009035889593135348,
            "alpha": 0.007230217499266725
        },
        "truck": {
            "mean": 0.4596281289390074,
            "std": 0.015454808339985934,
            "alpha": 0.012366422205121986
        }
    },
    "AUC": {
        "mean": {
            "mean": 0.9098463423043911,
            "std": 0.00026556366229495707,
            "alpha": 0.00021249518583682818
        },
        "airplane": {
            "mean": 0.9154689101596266,
            "std": 0.001753189747484649,
            "alpha": 0.0014028439658479842
        },
        "automobile": {
            "mean": 0.9169434379237025,
            "std": 0.0007189530498379377,
            "alpha": 0.0005752822528994325
        },
        "bird": {
            "mean": 0.9011421188050663,
            "std": 0.0014160198101365409,
            "alpha": 0.001133051826832365
        },
        "cat": {
            "mean": 0.901444273779699,
            "std": 0.0015254720803682645,
            "alpha": 0.0012206318831629655
        },
        "deer": {
            "mean": 0.9033610785465332,
            "std": 0.0016356583549506456,
            "alpha": 0.0013087992652954096
        },
        "dog": {
            "mean": 0.9036697030034758,
            "std": 0.0018442394133461105,
            "alpha": 0.0014756988719010695
        },
        "frog": {
            "mean": 0.9102716106462759,
            "std": 0.0016259278037842203,
            "alpha": 0.0013010132027726398
        },
        "horse": {
            "mean": 0.912253737937149,
            "std": 0.0017580769058012792,
            "alpha": 0.0014067545069428456
        },
        "ship": {
            "mean": 0.9175429522700512,
            "std": 0.0025996468119971333,
            "alpha": 0.002080150678943016
        },
        "truck": {
            "mean": 0.9163655999723321,
            "std": 0.002007381386792155,
            "alpha": 0.0016062396381550767
        }
    }
}