{
    "accuracy": [
        0.4167,
        0.4103,
        0.4217,
        0.4123,
        0.4111,
        0.4135
    ],
    "precision": {
        "mean": [
            0.41219575655542445,
            0.4068583680503341,
            0.4162048835996087,
            0.40705408380227626,
            0.4053578138257123,
            0.40909633915360555
        ],
        "airplane": [
            0.45799457994579945,
            0.46021093000958774,
            0.47459349593495936,
            0.43913435527502254,
            0.45180136319376824,
            0.46673095467695275
        ],
        "automobile": [
            0.44894204231830726,
            0.467174119885823,
            0.48853615520282184,
            0.45429362880886426,
            0.46174617461746176,
            0.4623955431754875
        ],
        "bird": [
            0.3308641975308642,
            0.3333333333333333,
            0.3160919540229885,
            0.34705882352941175,
            0.3216374269005848,
            0.33069082672706684
        ],
        "cat": [
            0.2873806998939555,
            0.27380952380952384,
            0.2966002344665885,
            0.2749391727493917,
            0.30211817168338906,
            0.2837108953613808
        ],
        "deer": [
            0.39185750636132316,
            0.3733850129198966,
            0.36739380022962115,
            0.3610503282275711,
            0.36585365853658536,
            0.3683559950556242
        ],
        "dog": [
            0.33405172413793105,
            0.3256924546322827,
            0.34443288241415193,
            0.3619246861924686,
            0.3489640130861505,
            0.3463073852295409
        ],
        "frog": [
            0.4147501982553529,
            0.41094771241830064,
            0.40545004128819156,
            0.4051724137931034,
            0.40770609318996415,
            0.4154250657318142
        ],
        "horse": [
            0.4968944099378882,
            0.4873417721518987,
            0.4629277566539924,
            0.4637223974763407,
            0.4489795918367347,
            0.4636363636363636
        ],
        "ship": [
            0.507218479307026,
            0.48996350364963503,
            0.5125815470643057,
            0.5091083413231065,
            0.49056603773584906,
            0.49645390070921985
        ],
        "truck": [
            0.45200372786579684,
            0.4467253176930596,
            0.4934409687184662,
            0.454136690647482,
            0.4542056074766355,
            0.4572564612326044
        ]
    },
    "recall": {
        "mean": [
            0.4166905223887686,
            0.4105404827087894,
            0.42145151090370775,
            0.4128911175284372,
            0.41077228901573737,
            0.4135000000000001
        ],
        "airplane": [
            0.5044776119402985,
            0.4878048780487805,
            0.46981891348088534,
            0.48554336989032904,
            0.45759368836291914,
            0.484
        ],
        "automobile": [
            0.5010266940451745,
            0.48758689175769615,
            0.5316698656429942,
            0.5109034267912772,
            0.5059171597633136,
            0.498
        ],
        "bird": [
            0.2596899224806202,
            0.2871287128712871,
            0.2849740932642487,
            0.28338136407300674,
            0.28886554621848737,
            0.292
        ],
        "cat": [
            0.26673228346456695,
            0.2542713567839196,
            0.25376128385155466,
            0.23155737704918034,
            0.26673228346456695,
            0.263
        ],
        "deer": [
            0.3083083083083083,
            0.2861386138613861,
            0.32323232323232326,
            0.3286852589641434,
            0.3159478435305918,
            0.298
        ],
        "dog": [
            0.33084311632870866,
            0.3451417004048583,
            0.3216715257531584,
            0.3388834476003918,
            0.3121951219512195,
            0.347
        ],
        "frog": [
            0.5077669902912622,
            0.4990079365079365,
            0.5020449897750511,
            0.4681274900398406,
            0.4642857142857143,
            0.474
        ],
        "horse": [
            0.47952047952047955,
            0.4502923976608187,
            0.4798029556650246,
            0.44954128440366975,
            0.4503582395087001,
            0.459
        ],
        "ship": [
            0.5141463414634146,
            0.5440729483282675,
            0.5723204994797086,
            0.5185546875,
            0.5702891326021934,
            0.56
        ],
        "truck": [
            0.4943934760448522,
            0.4639593908629442,
            0.4752186588921283,
            0.513733468972533,
            0.4755381604696673,
            0.46
        ]
    },
    "fscore": {
        "mean": [
            0.41219575655542445,
            0.4068583680503341,
            0.4162048835996087,
            0.40705408380227626,
            0.4053578138257123,
            0.40909633915360555
        ],
        "airplane": [
            0.45799457994579945,
            0.46021093000958774,
            0.47459349593495936,
            0.43913435527502254,
            0.45180136319376824,
            0.46673095467695275
        ],
        "automobile": [
            0.44894204231830726,
            0.46717411988582297,
            0.48853615520282184,
            0.45429362880886426,
            0.46174617461746176,
            0.4623955431754875
        ],
        "bird": [
            0.3308641975308642,
            0.3333333333333333,
            0.3160919540229885,
            0.34705882352941175,
            0.3216374269005848,
            0.33069082672706684
        ],
        "cat": [
            0.2873806998939555,
            0.27380952380952384,
            0.2966002344665885,
            0.2749391727493917,
            0.30211817168338906,
            0.2837108953613808
        ],
        "deer": [
            0.39185750636132316,
            0.3733850129198966,
            0.36739380022962115,
            0.3610503282275711,
            0.36585365853658536,
            0.3683559950556242
        ],
        "dog": [
            0.33405172413793105,
            0.3256924546322827,
            0.34443288241415193,
            0.3619246861924686,
            0.3489640130861505,
            0.3463073852295409
        ],
        "frog": [
            0.4147501982553529,
            0.41094771241830064,
            0.40545004128819156,
            0.4051724137931034,
            0.40770609318996415,
            0.4154250657318142
        ],
        "horse": [
            0.4968944099378882,
            0.4873417721518987,
            0.4629277566539924,
            0.4637223974763407,
            0.4489795918367347,
            0.4636363636363636
        ],
        "ship": [
            0.507218479307026,
            0.48996350364963503,
            0.5125815470643057,
            0.5091083413231065,
            0.49056603773584906,
            0.49645390070921985
        ],
        "truck": [
            0.45200372786579684,
            0.4467253176930596,
            0.4934409687184662,
            0.454136690647482,
            0.4542056074766355,
            0.4572564612326044
        ]
    },
    "AUC": {
        "mean": [
            0.9100184388099406,
            0.9094502901469476,
            0.9102731066914307,
            0.9099428574625739,
            0.909682027382121,
            0.9097113333333333
        ],
        "airplane": [
            0.9136937187326293,
            0.9147726264418811,
            0.918606484565845,
            0.9135128376125375,
            0.9157244602715335,
            0.9165033333333332
        ],