{
    "accuracy": [
        0.5343,
        0.418,
        0.5349,
        0.5252,
        0.5076,
        0.4069
    ],
    "precision": {
        "mean": [
            0.5298149058681388,
            0.30187524810853983,
            0.5301142171628208,
            0.5231943812093054,
            0.4565043957564706,
            0.2935666859619782
        ],
        "airplane": [
            0.5883534136546185,
            0.4068825910931174,
            0.5947315096251267,
            0.5516304347826086,
            0.5594013096351731,
            0.3309317963496638
        ],
        "automobile": [
            0.6034798534798534,
            0.5149617258176757,
            0.6481132075471698,
            0.618732261116367,
            0.6223839854413102,
            0.0
        ],
        "bird": [
            0.46584699453551914,
            0.3796889295516926,
            0.4152823920265781,
            0.4543269230769231,
            0.3700173310225303,
            0.3910196445275959
        ],
        "cat": [
            0.4008574490889603,
            0.27722772277227725,
            0.37735849056603776,
            0.40493468795355586,
            0.38289601554907676,
            0.3147174770039422
        ],
        "deer": [
            0.4707547169811321,
            0.3538983050847458,
            0.4831932773109244,
            0.4243243243243243,
            0.0,
            0.42142857142857143
        ],
        "dog": [
            0.44260485651214126,
            0.0,
            0.44952893674293404,
            0.42953020134228187,
            0.4297142857142857,
            0.0
        ],
        "frog": [
            0.5362445414847161,
            0.0,
            0.5191972076788831,
            0.4852607709750567,
            0.4517945109078114,
            0.5421052631578948
        ],
        "horse": [
            0.6059365404298874,
            0.49130434782608695,
            0.5764075067024129,
            0.6026490066225165,
            0.5627306273062731,
            0.5292642140468228
        ],
        "ship": [
            0.5881877022653722,
            0.5947888589398024,
            0.6543824701195219,
            0.658745247148289,
            0.6185383244206774,
            0.0
        ],
        "truck": [
            0.5958829902491874,
            0.0,
            0.5829471733086191,
            0.6018099547511312,
            0.5675675675675675,
            0.4061998931052913
        ]
    },
    "recall": {
        "mean": [
            0.5343119409163306,
            0.41697357936428636,
            0.534761855975634,
            0.5257163622555656,
            0.5075826614505122,
            0.4069
        ],
        "airplane": [
            0.5830845771144278,
            0.6128048780487805,
            0.5905432595573441,
            0.6071784646061814,
            0.5897435897435898,
            0.689
        ],
        "automobile": [
            0.6765913757700205,
            0.7348560079443893,
            0.6593090211132437,
            0.6791277258566978,
            0.6745562130177515,
            0.0
        ],
        "bird": [
            0.33042635658914726,
            0.41089108910891087,
            0.38860103626943004,
            0.3631123919308357,
            0.4485294117647059,
            0.418
        ],
        "cat": [
            0.36811023622047245,
            0.5628140703517588,
            0.3811434302908726,
            0.2858606557377049,
            0.38779527559055116,
            0.479
        ],
        "deer": [
            0.4994994994994995,
            0.5168316831683168,
            0.46464646464646464,
            0.46912350597609564,
            0.0,
            0.472
        ],
        "dog": [
            0.4279615795090715,
            0.0,
            0.32458697764820216,
            0.4387855044074437,
            0.3668292682926829,
            0.0
        ],
        "frog": [
            0.596116504854369,
            0.0,
            0.6083844580777096,
            0.6394422310756972,
            0.6551020408163265,
            0.618
        ],
        "horse": [
            0.5914085914085914,
            0.6608187134502924,
            0.6354679802955665,
            0.5565749235474006,
            0.6243602865916069,
            0.633
        ],
        "ship": [
            0.7092682926829268,
            0.6707193515704154,
            0.6836628511966701,
            0.6767578125,
            0.6919242273180458,
            0.0
        ],
        "truck": [
            0.5606523955147809,
            0.0,
            0.6112730806608357,
            0.5412004069175992,
            0.636986301369863,
            0.76
        ]
    },
    "fscore": {
        "mean": [
            0.5298149058681388,
            0.30187524810853983,
            0.5301142171628208,
            0.5231943812093054,
            0.4565043957564706,
            0.2935666859619782
        ],
        "airplane": [
            0.5883534136546185,
            0.4068825910931174,
            0.5947315096251267,
            0.5516304347826086,
            0.5594013096351731,
            0.3309317963496638
        ],
        "automobile": [
            0.6034798534798534,
            0.5149617258176757,
            0.6481132075471698,
            0.618732261116367,
            0.6223839854413102,
            0.0
        ],
        "bird": [
            0.46584699453551914,
            0.37968892955169264,
            0.4152823920265781,
            0.4543269230769231,
            0.3700173310225303,
            0.3910196445275959
        ],
        "cat": [
            0.4008574490889603,
            0.27722772277227725,
            0.3773584905660377,
            0.4049346879535559,
            0.38289601554907676,
            0.3147174770039422
        ],
        "deer": [
            0.47075471698113214,
            0.3538983050847458,
            0.4831932773109244,
            0.4243243243243244,
            0.0,
            0.42142857142857143
        ],
        "dog": [
            0.44260485651214126,
            0.0,
            0.44952893674293404,
            0.42953020134228187,
            0.4297142857142857,
            0.0
        ],
        "frog": [
            0.5362445414847161,
            0.0,
            0.5191972076788831,
            0.4852607709750567,
            0.4517945109078114,
            0.5421052631578948
        ],
        "horse": [
            0.6059365404298874,
            0.49130434782608695,
            0.5764075067024129,
            0.6026490066225165,
            0.5627306273062731,
            0.5292642140468228
        ],
        "ship": [
            0.5881877022653722,
            0.5947888589398024,
            0.6543824701195219,
            0.658745247148289,
            0.6185383244206774,
            0.0
        ],
        "truck": [
            0.5958829902491874,
            0.0,
            0.5829471733086191,
            0.6018099547511312,
            0.5675675675675675,
            0.4061998931052913
        ]
    },
    "AUC": {
        "mean": [
            0.9240622818996906,
            0.9133159025423744,
            0.9242547484792263,
            0.9233310944269955,
            0.9216468927933592,
            0.910906
        ],
        "airplane": [
            0.9284130072262369,
            0.8987145075421473,
            0.9300566289140574,
            0.9223735689674335,
            0.9167260182506123,
            0.9065644444444445
        ],
        "automobile": [
            0.9299955683580767,
            0.9076976537306796,
            0.9380966733645903,
            0.9344411862343699,
            0.9197139995548632,
            0.9429666666666667
        ],
        "bird": [
            0.9202241302408564,
            0.8980545050055616,
            0.9092434975096846,
            0.915490010045764,
            0.9140041998231654,
            0.8861666666666668
        ],