{
    "accuracy": {
        "mean": 0.4878166666666666,
        "std": 0.05414226373381726,
        "alpha": 0.04332283375790204
    },
    "precision": {
        "mean": {
            "mean": 0.4391783056778756,
            "std": 0.10319730378498056,
            "alpha": 0.08257504078736859
        },
        "airplane": {
            "mean": 0.5053218425233846,
            "std": 0.10004963708289617,
            "alpha": 0.08005638286921968
        },
        "automobile": {
            "mean": 0.5012785055670627,
            "std": 0.2280112708577364,
            "alpha": 0.1824470146069609
        },
        "bird": {
            "mean": 0.41269703579013983,
            "std": 0.0363905923407489,
            "alpha": 0.02911853833967305
        },
        "cat": {
            "mean": 0.35966530715564166,
            "std": 0.04728475212448919,
            "alpha": 0.03783568167086725
        },
        "deer": {
            "mean": 0.358933199188283,
            "std": 0.16582354139904285,
            "alpha": 0.13268646749785282
        },
        "dog": {
            "mean": 0.29189638005194046,
            "std": 0.2065207435363676,
            "alpha": 0.165251011368334
        },
        "frog": {
            "mean": 0.422433715700727,
            "std": 0.19144054605655514,
            "alpha": 0.15318434027999187
        },
        "horse": {
            "mean": 0.561382040489,
            "std": 0.04053411539372111,
            "alpha": 0.03243404729730513
        },
        "ship": {
            "mean": 0.5191071004822772,
            "std": 0.23368670116409948,
            "alpha": 0.18698830465859115
        },
        "truck": {
            "mean": 0.4590679298302995,
            "std": 0.21592833621969584,
            "alpha": 0.17277865328381825
        }
    },
    "recall": {
        "mean": {
            "mean": 0.48770773332705475,
            "std": 0.054404230176330205,
            "alpha": 0.04353245056843906
        },
        "airplane": {
            "mean": 0.6120591281783873,
            "std": 0.03592750859706943,
            "alpha": 0.028747994172143503
        },
        "automobile": {
            "mean": 0.5707400572836837,
            "std": 0.2563373110176906,
            "alpha": 0.20511256724994847
        },
        "bird": {
            "mean": 0.393260047610505,
            "std": 0.038419356535445925,
            "alpha": 0.03074188778758219
        },
        "cat": {
            "mean": 0.4107872780318933,
            "std": 0.08812916823440638,
            "alpha": 0.07051802125252923
        },
        "deer": {
            "mean": 0.4036835255483961,
            "std": 0.18147984594233077,
            "alpha": 0.14521412024481947
        },
        "dog": {
            "mean": 0.2596938883095667,
            "std": 0.18750944722728127,
            "alpha": 0.1500388061016686
        },
        "frog": {
            "mean": 0.5195075391373504,
            "std": 0.23314054689242877,
            "alpha": 0.18655129022502254
        },
        "horse": {
            "mean": 0.616938415882243,
            "std": 0.03385608528689343,
            "alpha": 0.02709051032273906
        },
        "ship": {
            "mean": 0.5720554225446763,
            "std": 0.25612389190767404,
            "alpha": 0.20494179639578797
        },
        "truck": {
            "mean": 0.5183520307438464,
            "std": 0.24224723928941772,
            "alpha": 0.19383816176661048
        }
    },
    "fscore": {
        "mean": {
            "mean": 0.4391783056778756,
            "std": 0.10319730378498056,
            "alpha": 0.08257504078736859
        },
        "airplane": {
            "mean": 0.5053218425233846,
            "std": 0.10004963708289617,
            "alpha": 0.08005638286921968
        },
        "automobile": {
            "mean": 0.5012785055670627,
            "std": 0.2280112708577364,
            "alpha": 0.1824470146069609
        },
        "bird": {
            "mean": 0.41269703579013983,
            "std": 0.036390592340748894,
            "alpha": 0.029118538339673043
        },
        "cat": {
            "mean": 0.35966530715564166,
            "std": 0.047284752124489196,
            "alpha": 0.037835681670867254
        },
        "deer": {
            "mean": 0.358933199188283,
            "std": 0.16582354139904287,
            "alpha": 0.13268646749785282
        },
        "dog": {
            "mean": 0.29189638005194046,
            "std": 0.2065207435363676,
            "alpha": 0.165251011368334
        },
        "frog": {
            "mean": 0.422433715700727,
            "std": 0.19144054605655514,
            "alpha": 0.15318434027999187
        },
        "horse": {
            "mean": 0.561382040489,
            "std": 0.04053411539372111,
            "alpha": 0.03243404729730513
        },
        "ship": {
            "mean": 0.5191071004822772,
            "std": 0.23368670116409948,
            "alpha": 0.18698830465859115
        },
        "truck": {
            "mean": 0.4590679298302995,
            "std": 0.21592833621969584,
            "alpha": 0.17277865328381825
        }
    },
    "AUC": {
        "mean": {
            "mean": 0.9195861533569408,
            "std": 0.005396972073419524,
            "alpha": 0.004318477060403272
        },
        "airplane": {
            "mean": 0.9171413625574886,
            "std": 0.011349175858005506,
            "alpha": 0.00908123201872081
        },
        "automobile": {
            "mean": 0.9288186246515412,
            "std": 0.011890032848394955,
            "alpha": 0.009514007744476177
        },
        "bird": {
            "mean": 0.9071971682152831,
            "std": 0.011653800482286777,
            "alpha": 0.009324982483629018
        },
        "cat": {
            "mean": 0.9052896267919669,
            "std": 0.007079890084048906,
            "alpha": 0.0056650919260306425
        },
        "deer": {
            "mean": 0.9137515016046774,
            "std": 0.026833475405315162,
            "alpha": 0.0214712521043911
        },
        "dog": {
            "mean": 0.9219720496053393,
            "std": 0.014729385117084246,
            "alpha": 0.01178596273552168
        },
        "frog": {
            "mean": 0.9224155196470738,
            "std": 0.013129809193669422,
            "alpha": 0.010506035428567217
        },
        "horse": {
            "mean": 0.9222393438908202,
            "std": 0.01532548709730538,
            "alpha": 0.012262943659681787
        },
        "ship": {
            "mean": 0.9299725778094721,
            "std": 0.012510329834181374,
            "alpha": 0.010010348705169474
        },
        "truck": {
            "mean": 0.9270637587957479,
            "std": 0.015635574922020834,
            "alpha": 0.012511065595375922
        }
    }
}