{
    "accuracy": [
        0.5473,
        0.5433
    ],
    "accuracy_sklearn": [
        0.5473,
        0.5433
    ],
    "precision": {
        "mean": [
            0.5438992571004408,
            0.5410314625292916
        ],
        "airplane": [
            0.6021717670286278,
            0.6264800861141012
        ],
        "automobile": [
            0.6351219512195122,
            0.6941045606229144
        ],
        "bird": [
            0.4930817610062893,
            0.46445497630331756
        ],
        "cat": [
            0.4090395480225989,
            0.3912543153049482
        ],
        "deer": [
            0.47549019607843135,
            0.45284872298624756
        ],
        "dog": [
            0.443557582668187,
            0.4384920634920635
        ],
        "frog": [
            0.5246815286624203,
            0.5298634812286689
        ],
        "horse": [
            0.5657237936772047,
            0.6153100775193798
        ],
        "ship": [
            0.6693227091633466,
            0.6193379790940766
        ],
        "truck": [
            0.6208017334777898,
            0.5781683626271971
        ]
    },
    "precision_sklearn": {
        "mean": [
            0.5438992571004408,
            0.5410314625292916
        ],
        "airplane": [
            0.6021717670286278,
            0.6264800861141012
        ],
        "automobile": [
            0.6351219512195122,
            0.6941045606229144
        ],
        "bird": [
            0.4930817610062893,
            0.46445497630331756
        ],
        "cat": [
            0.4090395480225989,
            0.3912543153049482
        ],
        "deer": [
            0.47549019607843135,
            0.45284872298624756
        ],
        "dog": [
            0.443557582668187,
            0.4384920634920635
        ],
        "frog": [
            0.5246815286624203,
            0.5298634812286689
        ],
        "horse": [
            0.5657237936772047,
            0.6153100775193798
        ],
        "ship": [
            0.6693227091633466,
            0.6193379790940766
        ],
        "truck": [
            0.6208017334777898,
            0.5781683626271971
        ]
    },
    "recall": {
        "mean": [
            0.5470961526049947,
            0.5434619516078205
        ],
        "airplane": [
            0.6069651741293532,
            0.5914634146341463
        ],
        "automobile": [
            0.6683778234086243,
            0.6196623634558094
        ],
        "bird": [
            0.3798449612403101,
            0.38811881188118813
        ],
        "cat": [
            0.3562992125984252,
            0.3417085427135678
        ],
        "deer": [
            0.4854854854854855,
            0.45643564356435645
        ],
        "dog": [
            0.4151547491995731,
            0.4473684210526316
        ],
        "frog": [
            0.6398058252427185,
            0.6160714285714286
        ],
        "horse": [
            0.6793206793206793,
            0.6189083820662769
        ],
        "ship": [
            0.655609756097561,
            0.7203647416413373
        ],
        "truck": [
            0.5840978593272171,
            0.6345177664974619
        ]
    },
    "recall_sklearn": {
        "mean": [
            0.5470961526049947,
            0.5434619516078205
        ],
        "airplane": [
            0.6069651741293532,
            0.5914634146341463
        ],
        "automobile": [
            0.6683778234086243,
            0.6196623634558094
        ],
        "bird": [
            0.3798449612403101,
            0.38811881188118813
        ],
        "cat": [
            0.3562992125984252,
            0.3417085427135678
        ],
        "deer": [
            0.4854854854854855,
            0.45643564356435645
        ],
        "dog": [
            0.4151547491995731,
            0.4473684210526316
        ],
        "frog": [
            0.6398058252427185,
            0.6160714285714286
        ],
        "horse": [
            0.6793206793206793,
            0.6189083820662769
        ],
        "ship": [
            0.655609756097561,
            0.7203647416413373
        ],
        "truck": [
            0.5840978593272171,
            0.6345177664974619
        ]
    },
    "fscore": {
        "mean": [
            0.5438992571004408,
            0.5410314625292916
        ],
        "airplane": [
            0.6021717670286278,
            0.6264800861141012
        ],
        "automobile": [
            0.6351219512195122,
            0.6941045606229144
        ],
        "bird": [
            0.4930817610062893,
            0.46445497630331756
        ],
        "cat": [
            0.4090395480225989,
            0.39125431530494825
        ],
        "deer": [
            0.47549019607843135,
            0.45284872298624756
        ],
        "dog": [
            0.443557582668187,
            0.4384920634920635
        ],
        "frog": [
            0.5246815286624203,
            0.5298634812286689
        ],
        "horse": [
            0.5657237936772047,
            0.6153100775193798
        ],
        "ship": [
            0.6693227091633466,
            0.6193379790940766
        ],
        "truck": [
            0.6208017334777898,
            0.5781683626271971
        ]
    },
    "fscore_sklearn": {
        "mean": [
            0.5433356833974257,
            0.5406344780870971
        ],
        "airplane": [
            0.6045589692765114,
            0.6084683742812337
        ],
        "automobile": [
            0.6513256628314158,
            0.6547743966421826
        ],
        "bird": [
            0.42911877394636017,
            0.4228694714131608
        ],
        "cat": [
            0.38085218306154656,
            0.3648068669527897
        ],
        "deer": [
            0.4804358593363051,
            0.45463510848126226
        ],
        "dog": [
            0.42888643880926136,
            0.4428857715430861
        ],
        "frog": [
            0.5765529308836396,
            0.5697247706422017
        ],
        "horse": [
            0.6173399909214707,
            0.6171039844509232
        ],
        "ship": [
            0.6623952686052242,
            0.6660421545667446
        ],
        "truck": [
            0.6018907563025209,
            0.6050338818973863
        ]
    },
    "AUC": {
        "mean": [
            0.9273244214211249,
            0.9273427338360299
        ],
        "airplane": [
            0.9326286826014453,
            0.936683673469388
        ],
        "automobile": [
            0.9386948814535786,
            0.9486283776270432
        ],
        "bird": [
            0.9218030776092775,
            0.9170622914349278
        ],
        "cat": [
            0.9152749332146038,
            0.9137906718489728
        ],
        "deer": [
            0.9141834240639927,
            0.917197997775306
        ],
        "dog": [
            0.9159224318658281,
            0.9133599644917888
        ],
        "frog": [
            0.9250869565217391,
            0.9261321174377224
        ],
        "horse": [
            0.9270457828647627,
            0.9361622464898597
        ],
        "ship": [
            0.9430880222841228,
            0.9330650171973816
        ],
        "truck": [
            0.9395160217318993,
            0.9313449805879092
        ]
    },
    "AUC_sklearn": [
        0.9014929834549295,
        0.8973815902394773
    ]
}